{"cameraMode":{"drawMode":0,"name":"Shaded","section":"Shading Mode"},"sceneLighting":false,"audioPlay":false,"sceneViewState":{"showFog":true,"showMaterialUpdate":false,"showSkybox":true,"showFlares":true,"showImageEffects":true,"showParticleSystems":true},"in2DMode":false,"pivot":{"x":-22.138607025146486,"y":1.272295355796814,"z":2.7457284927368166},"rotation":{"x":0.016902361065149308,"y":-0.6598882675170898,"z":0.01485157385468483,"w":0.7510267496109009},"size":22.0,"orthographic":false}