{"cameraMode":{"drawMode":0,"name":"Shaded","section":"Shading Mode"},"sceneLighting":false,"audioPlay":false,"sceneViewState":{"showFog":true,"showMaterialUpdate":false,"showSkybox":true,"showFlares":true,"showImageEffects":true,"showParticleSystems":true},"in2DMode":false,"pivot":{"x":340.21270751953127,"y":1307.78515625,"z":54.9031982421875},"rotation":{"x":-0.2701649069786072,"y":0.13378171622753144,"z":-0.03793628141283989,"w":-0.9527193903923035},"size":1596.3271484375,"orthographic":false}