{"cameraMode":{"drawMode":0,"name":"Shaded","section":"Shading Mode"},"sceneLighting":true,"audioPlay":false,"sceneViewState":{"showFog":true,"showMaterialUpdate":false,"showSkybox":true,"showFlares":true,"showImageEffects":true,"showParticleSystems":true},"in2DMode":false,"pivot":{"x":1.4006656408309937,"y":2.363621473312378,"z":-3.7469465732574465},"rotation":{"x":-0.3110862672328949,"y":0.4271141588687897,"z":-0.15933604538440705,"w":-0.8339129090309143},"size":0.06912995874881745,"orthographic":false}