{"cameraMode":{"drawMode":0,"name":"Shaded","section":"Shading Mode"},"sceneLighting":true,"audioPlay":false,"sceneViewState":{"showFog":true,"showMaterialUpdate":false,"showSkybox":true,"showFlares":true,"showImageEffects":true,"showParticleSystems":true},"in2DMode":false,"pivot":{"x":-36.22987365722656,"y":16.82724380493164,"z":23.00520896911621},"rotation":{"x":-0.24318715929985047,"y":0.07122604548931122,"z":-0.017907312139868737,"w":-0.9671950340270996},"size":22.0,"orthographic":false}